{"stats":{"minecraft:mined":{"horror_element_mod:beheaded_body":1,"horror_element_mod:dead_pig":1,"minecraft:crafting_table":2,"minecraft:torch":1,"minecraft:grass":4,"minecraft:sculk_shrieker":2,"minecraft:grass_block":2,"minecraft:oak_log":14,"minecraft:stone":47,"minecraft:wall_torch":1,"minecraft:fern":1},"minecraft:picked_up":{"minecraft:stick":1,"minecraft:crafting_table":2,"minecraft:torch":2,"minecraft:oak_log":14,"minecraft:dirt":2,"minecraft:bone":3,"minecraft:arrow":2,"minecraft:rotten_flesh":6,"minecraft:oak_sapling":1,"minecraft:cobblestone":47},"minecraft:used":{"minecraft:wooden_axe":8,"minecraft:stone_sword":14,"minecraft:wooden_pickaxe":50,"minecraft:torch":5,"minecraft:dirt":1,"minecraft:crafting_table":2},"minecraft:crafted":{"minecraft:oak_planks":28,"minecraft:crafting_table":1,"minecraft:stick":8,"minecraft:wooden_pickaxe":1,"minecraft:stone_pickaxe":1,"minecraft:wooden_axe":1,"minecraft:stone_sword":1},"minecraft:custom":{"minecraft:time_since_rest":16388,"minecraft:sprint_one_cm":10722,"minecraft:damage_taken":135,"minecraft:walk_one_cm":64720,"minecraft:mob_kills":2,"minecraft:damage_dealt":555,"minecraft:interact_with_crafting_table":3,"minecraft:fly_one_cm":5494,"minecraft:open_chest":2,"minecraft:play_time":16388,"minecraft:jump":97,"minecraft:damage_dealt_resisted":20,"minecraft:time_since_death":16388,"minecraft:climb_one_cm":214,"minecraft:total_world_time":16388,"minecraft:fall_one_cm":209},"minecraft:killed":{"minecraft:skeleton":1,"born_in_chaos_v1:decrepit_skeleton":1}},"DataVersion":3465}