{"stats":{"minecraft:mined":{"minecraft:grass":2,"minecraft:grass_block":2,"minecraft:oak_log":7,"horror_element_mod:beheaded_body":1,"minecraft:fern":1,"horror_element_mod:dead_pig":1},"minecraft:picked_up":{"minecraft:oak_log":7,"minecraft:rotten_flesh":4,"minecraft:dirt":2},"minecraft:crafted":{"minecraft:crafting_table":1,"minecraft:oak_planks":28},"minecraft:custom":{"minecraft:jump":30,"minecraft:time_since_rest":4388,"minecraft:sprint_one_cm":2444,"minecraft:play_time":4388,"minecraft:time_since_death":4388,"minecraft:walk_one_cm":20641,"minecraft:climb_one_cm":214,"minecraft:total_world_time":4388,"minecraft:fly_one_cm":802}},"DataVersion":3465}