{"stats":{"minecraft:mined":{"minecraft:orange_concrete":2,"minecraft:gray_terracotta":7,"horror_element_mod:spiked_villager":1,"minecraft:andesite":1,"minecraft:black_carpet":4,"minecraft:dark_oak_stairs":1,"minecraft:crafting_table":1,"minecraft:grass":2,"minecraft:grass_block":1,"minecraft:oak_log":20,"minecraft:polished_andesite":1,"minecraft:stone":8,"minecraft:oak_planks":1,"minecraft:oak_wall_sign":3,"minecraft:oak_leaves":3},"minecraft:picked_up":{"minecraft:stick":3,"minecraft:crafting_table":1,"minecraft:black_carpet":2,"minecraft:andesite":1,"minecraft:oak_log":28,"minecraft:dirt":1,"minecraft:orange_concrete":2,"minecraft:polished_andesite":1,"minecraft:rotten_flesh":4,"minecraft:oak_sign":3,"minecraft:apple":2,"minecraft:gray_terracotta":7,"delightful:acorn":2,"minecraft:oak_sapling":6,"minecraft:oak_planks":1,"minecraft:dark_oak_stairs":1,"minecraft:cobblestone":8},"minecraft:dropped":{"minecraft:black_carpet":2,"minecraft:andesite":1,"minecraft:oak_sapling":5,"delightful:acorn":1,"minecraft:wooden_pickaxe":1},"minecraft:used":{"minecraft:writable_book":1,"minecraft:apple":2,"minecraft:stone_pickaxe":13,"minecraft:oak_planks":25,"minecraft:wooden_pickaxe":7,"minecraft:stone_axe":13,"minecraft:crafting_table":1},"minecraft:crafted":{"minecraft:oak_planks":52,"minecraft:crafting_table":1,"minecraft:stick":8,"minecraft:wooden_pickaxe":1,"minecraft:stone_pickaxe":1,"minecraft:stone_axe":1},"minecraft:custom":{"minecraft:time_since_rest":11075,"minecraft:sprint_one_cm":11976,"minecraft:damage_taken":101,"minecraft:walk_one_cm":27764,"minecraft:trigger_trapped_chest":3,"minecraft:mob_kills":1,"minecraft:drop":6,"minecraft:damage_dealt":20,"minecraft:interact_with_crafting_table":2,"minecraft:fly_one_cm":8489,"minecraft:open_chest":2,"minecraft:crouch_one_cm":5191,"minecraft:play_time":11075,"minecraft:sneak_time":2623,"minecraft:interact_with_lectern":1,"minecraft:jump":96,"minecraft:time_since_death":11075,"minecraft:total_world_time":11075,"minecraft:climb_one_cm":1098,"minecraft:fall_one_cm":2276},"minecraft:killed":{"arphex:spider_larvae":1}},"DataVersion":3465}